{
  "KAWPOW": 0.00348839054,
  "Lbry": 1.007036636E-06,
  "CuckooCycle": 9701.304033,
  "Keccak": 5E-07,
  "X16Rv2": 4.941248443E-05,
  "DaggerHashimoto": 0.002370520363,
  "ZHash": 737.1000616,
  "Decred": 1.221301603E-08,
  "Eaglesong": 1.071E-07,
  "NeoScrypt": 0.01564579089,
  "CryptoNightR": 12.4375,
  "Lyra2REv2": 5.597643525E-06,
  "BeamV3": 2697.596631,
  "GrinCuckatoo32": 116842.2111,
  "Blake2s": 6.200529215E-08,
  "GrinCuckatoo31": 49712.2,
  "Equihash": 2.882805384,
  "Octopus": 0.001545423255,
  "Lyra2Z": 0.0003195781873,
  "X16R": 2.107047638E-05,
  "RandomXmonero": 2.06042197,
  "Lyra2REv3": 2.930253623E-05,
  "Handshake": 2E-07
}